{"accuracy": [0.8897786140441895, 0.9360888004302979, 0.9387248754501343, 0.9389078617095947, 0.9407162070274353], "loss": [0.24322108924388885, 0.10823938250541687, 0.0993255078792572, 0.09594257175922394, 0.09284377098083496], "val_accuracy": [0.9389650225639343, 0.9410282969474792, 0.9410282969474792, 0.9388689994812012, 0.9409562945365906], "val_loss": [0.09879396110773087, 0.09310368448495865, 0.09471651911735535, 0.0968979150056839, 0.10324561595916748]}